{"cameraMode":{"drawMode":0,"name":"Shaded","section":"Shading Mode"},"sceneLighting":false,"audioPlay":false,"sceneViewState":{"showFog":true,"showMaterialUpdate":false,"showSkybox":false,"showFlares":true,"showImageEffects":true,"showParticleSystems":true},"in2DMode":false,"pivot":{"x":0.0000021457672119140627,"y":1.6440486907958985,"z":-0.0000011920928955078126},"rotation":{"x":-0.1797572374343872,"y":0.20404192805290223,"z":-0.03814423084259033,"w":-0.9615628719329834},"size":4.702396869659424,"orthographic":false}