{"cameraMode":{"drawMode":0,"name":"Shaded","section":"Shading Mode"},"sceneLighting":true,"audioPlay":false,"sceneViewState":{"showFog":true,"showMaterialUpdate":false,"showSkybox":true,"showFlares":true,"showImageEffects":true,"showParticleSystems":true},"in2DMode":false,"pivot":{"x":2.4260001182556154,"y":0.6327687501907349,"z":-0.19499999284744264},"rotation":{"x":-0.050627779215574267,"y":-0.46712884306907656,"z":0.02679467760026455,"w":-0.882358729839325},"size":4.360672950744629,"orthographic":false}